Date,Visitors
2021-01-01,142717
2021-01-02,146984
2021-01-03,142542
2021-01-04,139920
2021-01-05,137544
2021-01-06,139472
2021-01-07,136640
2021-01-08,143880
2021-01-09,150683
2021-01-10,149582
2021-01-11,142717
2021-01-12,142834
2021-01-13,150469
2021-01-14,154762
2021-01-15,160718
2021-01-16,156173
2021-01-17,149294
2021-01-18,147132
2021-01-19,140594
2021-01-20,146297
2021-01-21,153043
2021-01-22,156651
2021-01-23,149353
2021-01-24,153047
2021-01-25,147458
2021-01-26,137359
2021-01-27,138926
2021-01-28,139749
2021-01-29,140263
2021-01-30,147287
2021-01-31,144800
2021-02-01,135639
2021-02-02,127308
2021-02-03,131174
2021-02-04,134865
2021-02-05,140268
2021-02-06,145540
2021-02-07,140928
2021-02-08,128194
2021-02-09,125332
2021-02-10,129183
2021-02-11,135609
2021-02-12,143281
2021-02-13,145986
2021-02-14,141162
2021-02-15,129498
2021-02-16,124312
2021-02-17,121510
2021-02-18,126410
2021-02-19,136938
2021-02-20,147260
2021-02-21,145091
2021-02-22,135125
2021-02-23,124464
2021-02-24,128803
2021-02-25,130433
2021-02-26,137842
2021-02-27,141468
2021-02-28,139630
2021-03-01,132781
2021-03-02,123840
2021-03-03,127500
2021-03-04,128931
2021-03-05,139625
2021-03-06,141613
2021-03-07,136532
2021-03-08,131689
2021-03-09,128830
2021-03-10,131748
2021-03-11,137303
2021-03-12,139340
2021-03-13,145046
2021-03-14,140426
2021-03-15,138029
2021-03-16,132796
2021-03-17,134928
2021-03-18,141672
2021-03-19,146665
2021-03-20,147415
2021-03-21,140312
2021-03-22,135874
2021-03-23,134728
2021-03-24,137712
2021-03-25,142038
2021-03-26,146538
2021-03-27,151587
2021-03-28,144216
2021-03-29,139364
2021-03-30,133877
2021-03-31,137430
2021-04-01,138367
2021-04-02,144672
2021-04-03,148631
2021-04-04,136229
2021-04-05,131977
2021-04-06,129901
2021-04-07,132540
2021-04-08,135380
2021-04-09,139772
2021-04-10,142378
2021-04-11,140274
2021-04-12,132431
2021-04-13,127663
2021-04-14,128851
2021-04-15,135105
2021-04-16,142837
2021-04-17,144949
2021-04-18,140085
2021-04-19,137051
2021-04-20,135053
2021-04-21,140339
2021-04-22,148646
2021-04-23,152426
2021-04-24,154076
2021-04-25,149772
2021-04-26,144690
2021-04-27,142418
2021-04-28,145437
2021-04-29,151025
2021-04-30,151658
2021-05-01,151750
2021-05-02,149648
2021-05-03,145542
2021-05-04,143885
2021-05-05,145611
2021-05-06,150599
2021-05-07,155850
2021-05-08,156676
2021-05-09,152708
2021-05-10,148929
2021-05-11,143403
2021-05-12,144390
2021-05-13,149090
2021-05-14,155050
2021-05-15,157727
2021-05-16,150270
2021-05-17,141692
2021-05-18,139986
2021-05-19,143494
2021-05-20,140484
2021-05-21,150034
2021-05-22,153531
2021-05-23,149768
2021-05-24,143719
2021-05-25,141721
2021-05-26,139259
2021-05-27,146348
2021-05-28,152971
2021-05-29,155875
2021-05-30,152935
2021-05-31,148870
,
,
,
,
,
,
,
,
,
,
,
,
,
,
,
,
,
,
,
,
,
,
,
,
,
,
,
,
,
,
,
,
,
,
,
,
,
,
,
,
,
,
,
,
,
,
,
,
,
,
,
,
,
,
,
,
,
,
,
,
,
,
,
,
,
,
,
,
,
,
,
,
,
,
,
,
,
,
,
,
,
,
,
,
,
,
,
,
,
,
,
,
,
,
,
,
,
,
,
,
,
,
,
,
,
,
,
,
,
,
,
,
,
,
,
,
,
,
,
,
,
,
,
,
,
,
,
,
,
,
,
,
,
,
,
,
,
,
,
,
,
,
,
,
,
,
,
,
,
,
,
,
,
,
,
,
,
,
,
,
,
,
,
,
,
,
,
,
,
,
,
,
,
,
,
,
,
,
,
,
,
,
,
,
,
,
,
,
,
,
,
,
,
,
,
,
,
,
,
,
,
,
,
,
,
,
,
,
,
,
,
,
,
,
,
,
,
,
,
,
,
,
,
,
,
,
,
,
,
,
,
,
,
,
,
,
,
,
,
,
,
,
,
,
,
,
,
,
,
,
,
,
,
,
,
,
,
,
,
,
,
,
,
,
,
,
,
,
,
,
,
,
,
,
,
,
,
,
,
,
,
,
,
,
,
,
,
,
,
,
,
,
,
,
,
,
,
,
,
,
,
,
,
,
,
,
,
,
,
,
,
,
,
,
,
,
,
,
,
,
,
,
,
,
,
,
,
,
,
,
,
,
,
,
,
,
,
,
,
,
,
,
,
,
,
,
,
,
,
,
,
,
,
,
,
,
,
,
,
,
,
,
,
,
,
,
,
,
,
,
,
,
,
,
,
,
,
,
,
,
,
,
,
,
,
,
,
,
,
,
,
,
,
,
,
,
,
,
,
,
,
,
,
,
,
,
,
,
,
,
,
,
,
,
,
,
,
,
,
,
,
,
,
,
,
,
,
,
,
,
,
,
,
,
,
,
,
,
,
,
,
,
,
,
,
,
,
,
,
,
,
,
,
,
,
,
,
,
,
,
,
,
,
,
,
,
,
,
,
,
,
,
,
,
,
,
,
,
,
,
,
,
,
,
,
,
,
,
,
,
,
,
,
,
,
,
,
,
,
,
,
,
,
,
,
,
,
,
,
,
,
,
,
,
,
,
,
,
,
,
,
,
,
,
,
,
,
,
,
,
,
,
,
,
,
,
,
,
,
,
,
,
,
,
,
,
,
,
,
,
,
,
,
,
,
,
,
,
,
,
,
,
,
,
,
,
,
,
,
,
,
,
,
,
,
,
,
,
,
,
,
,
,
,
,
,
,
,
,
,
,
,
,
,
,
,
,
,
,
,
,
,
,
,
,
,
,
,
,
,
,
,
,
,
,
,
,
,
,
,
,
,
,
,
,
,
,
,
,
,
,
,
,
,
,
,
,
,
,
,
,
,
,
,
,
,
,
,
,
,
,
,
,
,
,
,
,
,
,
,
,
,
,
,
,
,
,
,
,
,
,
,
,
,
,
,
,
,
,
,
,
,
,
,
,
,
,
,
,
,
,
,
,
,
,
,
,
,
,
,
,
,
,
,
,
,
,
,
,
,
,
,
,
,
,
,
,
,
,
,
,
,
,
,
,
,
,
,
,
,
,
,
,
,
,
,
,
,
,
,
,
,
,
,
,
,
,
,
,
,
,
,
,
,
,
,
,
,
,
,
,
,
,
,
,
,
,
,
,
,
,
,
,
,
,
,
,
,
,
,
,
,
,
,
,
,
,
,
,
,
,
,
,
,
,
,
,
,
,
,
,
,
,
,
,
,
,
,
,
,
,
,
,
,
,
,
,
,
,
,
,
,
,
,
,
,
,
,
,
,
,
,
,
,
,
,
,
,
,
,
,
,
,
,
,
,
,
,
,
,
,
,
,
,
,
,
,
,
,
,
,
,
,
,
,
,
,
,
,
,
,
,
,
,
,
,
,
,
,
,
,
,
,
,
,
,
,
,
,
,
,
,
,
,
,
,
,
,
,
,
,
,
,
,
,
,
,
,
,
,
,
,
,
,
,
,
,
,
,
,
,
,
,
,
,
,
,
,
,
,
,
,
,
,
,
,
,
,
,
,
,
,
,
,
,
,
,
,
,
,
,
,
,
,
,
,
,
,
,
,
,
,
,
,
,
,
,
,
,
,
,
,
,
,
,
,
,
,
,
,
,
,
,
,
,
,
,
,
,
,
,
,
,
,
,
,
,
,
,
,
,
,
,
,
,
,
,
,
,
,
,
,
,
,
,
,
,
,
,
,
,
,
,
,
,
,
,
,
,
,
,
,
,
,
,
,
,
,
,
,
,
,
,
,
,
,
,
,
,
,
,
,
,
,
,
,
,
,
,
,
,
,
,
,
,
,
,
,
,
,
,
,
,
,
,
,
,
,
,
,
,
,
,
,
,
,
,
,
,
,
,
,
,
,
,
,
