date,Visitors
2021-01-01,162831
2021-01-02,165791
2021-01-03,159530
2021-01-04,154872
2021-01-05,151817
2021-01-06,153655
2021-01-07,146978
2021-01-08,154965
2021-01-09,161583
2021-01-10,159438
2021-01-11,151221
2021-01-12,151927
2021-01-13,159615
2021-01-14,161949
2021-01-15,168046
2021-01-16,164669
2021-01-17,158751
2021-01-18,156186
2021-01-19,151296
2021-01-20,157100
2021-01-21,164262
2021-01-22,169567
2021-01-23,163481
2021-01-24,167885
2021-01-25,162472
2021-01-26,154407
2021-01-27,157742
2021-01-28,158767
2021-01-29,160429
2021-01-30,168809
2021-01-31,166519
2021-02-01,156725
2021-02-02,149466
2021-02-03,156046
2021-02-04,159397
2021-02-05,166346
2021-02-06,171207
2021-02-07,166747
2021-02-08,154003
2021-02-09,152572
2021-02-10,157339
2021-02-11,163274
2021-02-12,171707
2021-02-13,174446
2021-02-14,169696
2021-02-15,157433
2021-02-16,153693
2021-02-17,152187
2021-02-18,157173
2021-02-19,167195
2021-02-20,178604
2021-02-21,174758
2021-02-22,164322
2021-02-23,156119
2021-02-24,161647
2021-02-25,161494
2021-02-26,170222
2021-02-27,174245
2021-02-28,172086
2021-03-01,164321
2021-03-02,156652
2021-03-03,160948
2021-03-04,161491
2021-03-05,171833
2021-03-06,173712
2021-03-07,168567
2021-03-08,162556
2021-03-09,160171
2021-03-10,162686
2021-03-11,166435
2021-03-12,169022
2021-03-13,174439
2021-03-14,168820
2021-03-15,165656
2021-03-16,160039
2021-03-17,163379
2021-03-18,168721
2021-03-19,173976
2021-03-20,174839
2021-03-21,166929
2021-03-22,162600
2021-03-23,161836
2021-03-24,165903
2021-03-25,169198
2021-03-26,173676
2021-03-27,180491
2021-03-28,172908
2021-03-29,168723
2021-03-30,163681
2021-03-31,168819
2021-04-01,169628
2021-04-02,177192
2021-04-03,181451
2021-04-04,169566
2021-04-05,165675
2021-04-06,164424
2021-04-07,168187
2021-04-08,169943
2021-04-09,175315
2021-04-10,177850
2021-04-11,175158
2021-04-12,166736
2021-04-13,163428
2021-04-14,164068
2021-04-15,168890
2021-04-16,176315
2021-04-17,178443
2021-04-18,172012
2021-04-19,167979
2021-04-20,166430
2021-04-21,170829
2021-04-22,177210
2021-04-23,179839
2021-04-24,181178
2021-04-25,176240
2021-04-26,170033
2021-04-27,168069
2021-04-28,171694
2021-04-29,175517
2021-04-30,176778
2021-05-01,176357
2021-05-02,174212
2021-05-03,169941
2021-05-04,168595
2021-05-05,170626
2021-05-06,175434
2021-05-07,180392
2021-05-08,182009
2021-05-09,178644
2021-05-10,175527
2021-05-11,171473
2021-05-12,173465
2021-05-13,177682
2021-05-14,183821
2021-05-15,186195
2021-05-16,180198
2021-05-17,171804
2021-05-18,170871
2021-05-19,175860
2021-05-20,170548
2021-05-21,181212
2021-05-22,185079
2021-05-23,180837
2021-05-24,174289
2021-05-25,172733
2021-05-26,169494
2021-05-27,176180
2021-05-28,181377
2021-05-29,185766
2021-05-30,181519
2021-05-31,176499
,
,
,
,
,
,
,
,
,
,
,
,
,
,
,
,
,
,
,
,
,
,
,
,
,
,
,
,
,
,
,
,
,
,
,
,
,
,
,
,
,
,
,
,
,
,
,
,
,
,
,
,
,
,
,
,
,
,
,
,
,
,
,
,
,
,
,
,
,
,
,
,
,
,
,
,
,
,
,
,
,
,
,
,
,
,
,
,
,
,
,
,
,
,
,
,
,
,
,
,
,
,
,
,
,
,
,
,
,
,
,
,
,
,
,
,
,
,
,
,
,
,
,
,
,
,
,
,
,
,
,
,
,
,
,
,
,
,
,
,
,
,
,
,
,
,
,
,
,
,
,
,
,
,
,
,
,
,
,
,
,
,
,
,
,
,
,
,
,
,
,
,
,
,
,
,
,
,
,
,
,
,
,
,
,
,
,
,
,
,
,
,
,
,
,
,
,
,
,
,
,
,
,
,
,
,
,
,
,
,
,
,
,
,
,
,
,
,
,
,
,
,
,
,
,
,
,
,
,
,
,
,
,
,
,
,
,
,
,
,
,
,
,
,
,
,
,
,
,
,
,
,
,
,
,
,
,
,
,
,
,
,
,
,
,
,
,
,
,
,
,
,
,
,
,
,
,
,
,
,
,
,
,
,
,
,
,
,
,
,
,
,
,
,
,
,
,
,
,
,
,
,
,
,
,
,
,
,
,
,
,
,
,
,
,
,
,
,
,
,
,
,
,
,
,
,
,
,
,
,
,
,
,
,
,
,
,
,
,
,
,
,
,
,
,
,
,
,
,
,
,
,
,
,
,
,
,
,
,
,
,
,
,
,
,
,
,
,
,
,
,
,
,
,
,
,
,
,
,
,
,
,
,
,
,
,
,
,
,
,
,
,
,
,
,
,
,
,
,
,
,
,
,
,
,
,
,
,
,
,
,
,
,
,
,
,
,
,
,
,
,
,
,
,
,
,
,
,
,
,
,
,
,
,
,
,
,
,
,
,
,
,
,
,
,
,
,
,
,
,
,
,
,
,
,
,
,
,
,
,
,
,
,
,
,
,
,
,
,
,
,
,
,
,
,
,
,
,
,
,
,
,
,
,
,
,
,
,
,
,
,
,
,
,
,
,
,
,
,
,
,
,
,
,
,
,
,
,
,
,
,
,
,
,
,
,
,
,
,
,
,
,
,
,
,
,
,
,
,
,
,
,
,
,
,
,
,
,
,
,
,
,
,
,
,
,
,
,
,
,
,
,
,
,
,
,
,
,
,
,
,
,
,
,
,
,
,
,
,
,
,
,
,
,
,
,
,
,
,
,
,
,
,
,
,
,
,
,
,
,
,
,
,
,
,
,
,
,
,
,
,
,
,
,
,
,
,
,
,
,
,
,
,
,
,
,
,
,
,
,
,
,
,
,
,
,
,
,
,
,
,
,
,
,
,
,
,
,
,
,
,
,
,
,
,
,
,
,
,
,
,
,
,
,
,
,
,
,
,
,
,
,
,
,
,
,
,
,
,
,
,
,
,
,
,
,
,
,
,
,
,
,
,
,
,
,
,
,
,
,
,
,
,
,
,
,
,
,
,
,
,
,
,
,
,
,
,
,
,
,
,
,
,
,
,
,
,
,
,
,
,
,
,
,
,
,
,
,
,
,
,
,
,
,
,
,
,
,
,
,
,
,
,
,
,
,
,
,
,
,
,
,
,
,
,
,
,
,
,
,
,
,
,
,
,
,
,
,
,
,
,
,
,
,
,
,
,
,
,
,
,
,
,
,
,
,
,
,
,
,
,
,
,
,
,
,
,
,
,
,
,
,
,
,
,
,
,
,
,
,
,
,
,
,
,
,
,
,
,
,
,
,
,
,
,
,
,
,
,
,
,
,
,
,
,
,
,
,
,
,
,
,
,
,
,
,
,
,
,
,
,
,
,
,
,
,
,
,
,
,
,
,
,
,
,
,
,
,
,
,
,
,
,
,
,
,
,
,
,
,
,
,
,
,
,
,
,
,
,
,
,
,
,
,
,
,
,
,
,
,
,
,
,
,
,
,
,
,
,
,
,
,
,
,
,
,
,
,
,
,
,
,
,
,
,
,
,
,
,
,
,
,
,
,
,
,
,
,
,
,
,
,
,
,
,
,
,
,
,
,
,
,
,
,
,
,
,
,
,
,
,
,
,
,
,
,
,
,
,
,
,
,
,
,
,
,
,
,
,
,
,
,
,
,
,
,
,
,
,
,
,
,
,
,
,
,
,
,
,
,
,
,
,
,
,
,
,
,
,
,
,
,
,
,
,
,
,
,
,
,
,
,
,
,
,
,
,
,
,
,
,
,
,
,
,
,
,
,
,
,
,
,
,
,
,
,
,
,
,
,
,
,
,
,
,
,
,
,
,
,
,
,
,
,
,
,
,
,
,
,
,
,
,
,
,
,
,
,
,
,
,
,
,
,
,
,
,
,
,
,
,
,
,
,
,
,
